i,szn,r,value
hydUD,summer,b103,1.0
hydUD,summer,b113,1.0
hydUD,summer,b114,1.0
hydUD,summer,b115,1.0
hydUD,summer,b116,1.0
hydUD,summer,b117,1.0
hydUD,summer,b118,1.0
hydUD,summer,b119,1.0
hydUD,summer,b120,1.0
hydUD,summer,b121,1.0
hydUD,summer,b123,1.0
hydUD,summer,b124,1.0
hydUD,summer,b217,1.0
hydUD,summer,b218,1.0
hydUD,summer,b220,1.0
hydUD,summer,b221,1.0
hydUD,summer,b301,1.0
hydUD,summer,b302,1.0
hydUD,summer,b303,1.0
hydUD,summer,b304,1.0
hydUD,summer,b305,1.0
hydUD,summer,b306,1.0
hydUD,summer,b307,1.0
hydUD,summer,b308,1.0
hydUD,summer,b309,1.0
hydUD,summer,b310,1.0
hydUD,summer,b311,1.0
hydUD,summer,b312,1.0
hydUD,summer,b313,1.0
hydUD,summer,b314,1.0
hydUD,summer,b315,1.0
hydUD,summer,b316,1.0
hydUD,summer,b317,1.0
hydUD,summer,b318,1.0
hydUD,summer,b319,1.0
hydUD,summer,b320,1.0
hydUD,summer,b321,1.0
hydUD,summer,b322,1.0
hydUD,summer,b323,1.0
hydUD,summer,b324,1.0
hydUD,summer,b325,1.0
hydUD,fall,b103,1.0
hydUD,fall,b113,1.0
hydUD,fall,b114,1.0
hydUD,fall,b115,1.0
hydUD,fall,b116,1.0
hydUD,fall,b117,1.0
hydUD,fall,b118,1.0
hydUD,fall,b119,1.0
hydUD,fall,b120,1.0
hydUD,fall,b121,1.0
hydUD,fall,b123,1.0
hydUD,fall,b124,1.0
hydUD,fall,b217,1.0
hydUD,fall,b218,1.0
hydUD,fall,b220,1.0
hydUD,fall,b221,1.0
hydUD,fall,b301,1.0
hydUD,fall,b302,1.0
hydUD,fall,b303,1.0
hydUD,fall,b304,1.0
hydUD,fall,b305,1.0
hydUD,fall,b306,1.0
hydUD,fall,b307,1.0
hydUD,fall,b308,1.0
hydUD,fall,b309,1.0
hydUD,fall,b310,1.0
hydUD,fall,b311,1.0
hydUD,fall,b312,1.0
hydUD,fall,b313,1.0
hydUD,fall,b314,1.0
hydUD,fall,b315,1.0
hydUD,fall,b316,1.0
hydUD,fall,b317,1.0
hydUD,fall,b318,1.0
hydUD,fall,b319,1.0
hydUD,fall,b320,1.0
hydUD,fall,b321,1.0
hydUD,fall,b322,1.0
hydUD,fall,b323,1.0
hydUD,fall,b324,1.0
hydUD,fall,b325,1.0
hydUD,winter,b103,1.0
hydUD,winter,b113,1.0
hydUD,winter,b114,1.0
hydUD,winter,b115,1.0
hydUD,winter,b116,1.0
hydUD,winter,b117,1.0
hydUD,winter,b118,1.0
hydUD,winter,b119,1.0
hydUD,winter,b120,1.0
hydUD,winter,b121,1.0
hydUD,winter,b123,1.0
hydUD,winter,b124,1.0
hydUD,winter,b217,1.0
hydUD,winter,b218,1.0
hydUD,winter,b220,1.0
hydUD,winter,b221,1.0
hydUD,winter,b301,1.0
hydUD,winter,b302,1.0
hydUD,winter,b303,1.0
hydUD,winter,b304,1.0
hydUD,winter,b305,1.0
hydUD,winter,b306,1.0
hydUD,winter,b307,1.0
hydUD,winter,b308,1.0
hydUD,winter,b309,1.0
hydUD,winter,b310,1.0
hydUD,winter,b311,1.0
hydUD,winter,b312,1.0
hydUD,winter,b313,1.0
hydUD,winter,b314,1.0
hydUD,winter,b315,1.0
hydUD,winter,b316,1.0
hydUD,winter,b317,1.0
hydUD,winter,b318,1.0
hydUD,winter,b319,1.0
hydUD,winter,b320,1.0
hydUD,winter,b321,1.0
hydUD,winter,b322,1.0
hydUD,winter,b323,1.0
hydUD,winter,b324,1.0
hydUD,winter,b325,1.0
hydUD,spring,b103,1.0
hydUD,spring,b113,1.0
hydUD,spring,b114,1.0
hydUD,spring,b115,1.0
hydUD,spring,b116,1.0
hydUD,spring,b117,1.0
hydUD,spring,b118,1.0
hydUD,spring,b119,1.0
hydUD,spring,b120,1.0
hydUD,spring,b121,1.0
hydUD,spring,b123,1.0
hydUD,spring,b124,1.0
hydUD,spring,b217,1.0
hydUD,spring,b218,1.0
hydUD,spring,b220,1.0
hydUD,spring,b221,1.0
hydUD,spring,b301,1.0
hydUD,spring,b302,1.0
hydUD,spring,b303,1.0
hydUD,spring,b304,1.0
hydUD,spring,b305,1.0
hydUD,spring,b306,1.0
hydUD,spring,b307,1.0
hydUD,spring,b308,1.0
hydUD,spring,b309,1.0
hydUD,spring,b310,1.0
hydUD,spring,b311,1.0
hydUD,spring,b312,1.0
hydUD,spring,b313,1.0
hydUD,spring,b314,1.0
hydUD,spring,b315,1.0
hydUD,spring,b316,1.0
hydUD,spring,b317,1.0
hydUD,spring,b318,1.0
hydUD,spring,b319,1.0
hydUD,spring,b320,1.0
hydUD,spring,b321,1.0
hydUD,spring,b322,1.0
hydUD,spring,b323,1.0
hydUD,spring,b324,1.0
hydUD,spring,b325,1.0
hydED,summer,b103,1.0
hydED,summer,b113,1.0
hydED,summer,b114,1.0
hydED,summer,b115,1.0
hydED,summer,b116,1.0
hydED,summer,b117,1.0
hydED,summer,b118,1.0
hydED,summer,b119,1.0
hydED,summer,b120,1.0
hydED,summer,b121,1.0
hydED,summer,b123,1.0
hydED,summer,b124,1.0
hydED,summer,b217,1.0
hydED,summer,b218,1.0
hydED,summer,b220,1.0
hydED,summer,b221,1.0
hydED,summer,b301,1.0
hydED,summer,b302,1.0
hydED,summer,b303,1.0
hydED,summer,b304,1.0
hydED,summer,b305,1.0
hydED,summer,b306,1.0
hydED,summer,b307,1.0
hydED,summer,b308,1.0
hydED,summer,b309,1.0
hydED,summer,b310,1.0
hydED,summer,b311,1.0
hydED,summer,b312,1.0
hydED,summer,b313,1.0
hydED,summer,b314,1.0
hydED,summer,b315,1.0
hydED,summer,b316,1.0
hydED,summer,b317,1.0
hydED,summer,b318,1.0
hydED,summer,b319,1.0
hydED,summer,b320,1.0
hydED,summer,b321,1.0
hydED,summer,b322,1.0
hydED,summer,b323,1.0
hydED,summer,b324,1.0
hydED,summer,b325,1.0
hydED,fall,b103,1.0
hydED,fall,b113,1.0
hydED,fall,b114,1.0
hydED,fall,b115,1.0
hydED,fall,b116,1.0
hydED,fall,b117,1.0
hydED,fall,b118,1.0
hydED,fall,b119,1.0
hydED,fall,b120,1.0
hydED,fall,b121,1.0
hydED,fall,b123,1.0
hydED,fall,b124,1.0
hydED,fall,b217,1.0
hydED,fall,b218,1.0
hydED,fall,b220,1.0
hydED,fall,b221,1.0
hydED,fall,b301,1.0
hydED,fall,b302,1.0
hydED,fall,b303,1.0
hydED,fall,b304,1.0
hydED,fall,b305,1.0
hydED,fall,b306,1.0
hydED,fall,b307,1.0
hydED,fall,b308,1.0
hydED,fall,b309,1.0
hydED,fall,b310,1.0
hydED,fall,b311,1.0
hydED,fall,b312,1.0
hydED,fall,b313,1.0
hydED,fall,b314,1.0
hydED,fall,b315,1.0
hydED,fall,b316,1.0
hydED,fall,b317,1.0
hydED,fall,b318,1.0
hydED,fall,b319,1.0
hydED,fall,b320,1.0
hydED,fall,b321,1.0
hydED,fall,b322,1.0
hydED,fall,b323,1.0
hydED,fall,b324,1.0
hydED,fall,b325,1.0
hydED,winter,b103,1.0
hydED,winter,b113,1.0
hydED,winter,b114,1.0
hydED,winter,b115,1.0
hydED,winter,b116,1.0
hydED,winter,b117,1.0
hydED,winter,b118,1.0
hydED,winter,b119,1.0
hydED,winter,b120,1.0
hydED,winter,b121,1.0
hydED,winter,b123,1.0
hydED,winter,b124,1.0
hydED,winter,b217,1.0
hydED,winter,b218,1.0
hydED,winter,b220,1.0
hydED,winter,b221,1.0
hydED,winter,b301,1.0
hydED,winter,b302,1.0
hydED,winter,b303,1.0
hydED,winter,b304,1.0
hydED,winter,b305,1.0
hydED,winter,b306,1.0
hydED,winter,b307,1.0
hydED,winter,b308,1.0
hydED,winter,b309,1.0
hydED,winter,b310,1.0
hydED,winter,b311,1.0
hydED,winter,b312,1.0
hydED,winter,b313,1.0
hydED,winter,b314,1.0
hydED,winter,b315,1.0
hydED,winter,b316,1.0
hydED,winter,b317,1.0
hydED,winter,b318,1.0
hydED,winter,b319,1.0
hydED,winter,b320,1.0
hydED,winter,b321,1.0
hydED,winter,b322,1.0
hydED,winter,b323,1.0
hydED,winter,b324,1.0
hydED,winter,b325,1.0
hydED,spring,b103,1.0
hydED,spring,b113,1.0
hydED,spring,b114,1.0
hydED,spring,b115,1.0
hydED,spring,b116,1.0
hydED,spring,b117,1.0
hydED,spring,b118,1.0
hydED,spring,b119,1.0
hydED,spring,b120,1.0
hydED,spring,b121,1.0
hydED,spring,b123,1.0
hydED,spring,b124,1.0
hydED,spring,b217,1.0
hydED,spring,b218,1.0
hydED,spring,b220,1.0
hydED,spring,b221,1.0
hydED,spring,b301,1.0
hydED,spring,b302,1.0
hydED,spring,b303,1.0
hydED,spring,b304,1.0
hydED,spring,b305,1.0
hydED,spring,b306,1.0
hydED,spring,b307,1.0
hydED,spring,b308,1.0
hydED,spring,b309,1.0
hydED,spring,b310,1.0
hydED,spring,b311,1.0
hydED,spring,b312,1.0
hydED,spring,b313,1.0
hydED,spring,b314,1.0
hydED,spring,b315,1.0
hydED,spring,b316,1.0
hydED,spring,b317,1.0
hydED,spring,b318,1.0
hydED,spring,b319,1.0
hydED,spring,b320,1.0
hydED,spring,b321,1.0
hydED,spring,b322,1.0
hydED,spring,b323,1.0
hydED,spring,b324,1.0
hydED,spring,b325,1.0
hydD,summer,b103,1.0
hydD,summer,b113,1.0
hydD,summer,b114,1.0
hydD,summer,b115,1.0
hydD,summer,b116,1.0
hydD,summer,b117,1.0
hydD,summer,b118,1.0
hydD,summer,b119,1.0
hydD,summer,b120,1.0
hydD,summer,b121,1.0
hydD,summer,b123,1.0
hydD,summer,b124,1.0
hydD,summer,b217,1.0
hydD,summer,b218,1.0
hydD,summer,b220,1.0
hydD,summer,b221,1.0
hydD,summer,b301,1.0
hydD,summer,b302,1.0
hydD,summer,b303,1.0
hydD,summer,b304,1.0
hydD,summer,b305,1.0
hydD,summer,b306,1.0
hydD,summer,b307,1.0
hydD,summer,b308,1.0
hydD,summer,b309,1.0
hydD,summer,b310,1.0
hydD,summer,b311,1.0
hydD,summer,b312,1.0
hydD,summer,b313,1.0
hydD,summer,b314,1.0
hydD,summer,b315,1.0
hydD,summer,b316,1.0
hydD,summer,b317,1.0
hydD,summer,b318,1.0
hydD,summer,b319,1.0
hydD,summer,b320,1.0
hydD,summer,b321,1.0
hydD,summer,b322,1.0
hydD,summer,b323,1.0
hydD,summer,b324,1.0
hydD,summer,b325,1.0
hydD,fall,b103,1.0
hydD,fall,b113,1.0
hydD,fall,b114,1.0
hydD,fall,b115,1.0
hydD,fall,b116,1.0
hydD,fall,b117,1.0
hydD,fall,b118,1.0
hydD,fall,b119,1.0
hydD,fall,b120,1.0
hydD,fall,b121,1.0
hydD,fall,b123,1.0
hydD,fall,b124,1.0
hydD,fall,b217,1.0
hydD,fall,b218,1.0
hydD,fall,b220,1.0
hydD,fall,b221,1.0
hydD,fall,b301,1.0
hydD,fall,b302,1.0
hydD,fall,b303,1.0
hydD,fall,b304,1.0
hydD,fall,b305,1.0
hydD,fall,b306,1.0
hydD,fall,b307,1.0
hydD,fall,b308,1.0
hydD,fall,b309,1.0
hydD,fall,b310,1.0
hydD,fall,b311,1.0
hydD,fall,b312,1.0
hydD,fall,b313,1.0
hydD,fall,b314,1.0
hydD,fall,b315,1.0
hydD,fall,b316,1.0
hydD,fall,b317,1.0
hydD,fall,b318,1.0
hydD,fall,b319,1.0
hydD,fall,b320,1.0
hydD,fall,b321,1.0
hydD,fall,b322,1.0
hydD,fall,b323,1.0
hydD,fall,b324,1.0
hydD,fall,b325,1.0
hydD,winter,b103,1.0
hydD,winter,b113,1.0
hydD,winter,b114,1.0
hydD,winter,b115,1.0
hydD,winter,b116,1.0
hydD,winter,b117,1.0
hydD,winter,b118,1.0
hydD,winter,b119,1.0
hydD,winter,b120,1.0
hydD,winter,b121,1.0
hydD,winter,b123,1.0
hydD,winter,b124,1.0
hydD,winter,b217,1.0
hydD,winter,b218,1.0
hydD,winter,b220,1.0
hydD,winter,b221,1.0
hydD,winter,b301,1.0
hydD,winter,b302,1.0
hydD,winter,b303,1.0
hydD,winter,b304,1.0
hydD,winter,b305,1.0
hydD,winter,b306,1.0
hydD,winter,b307,1.0
hydD,winter,b308,1.0
hydD,winter,b309,1.0
hydD,winter,b310,1.0
hydD,winter,b311,1.0
hydD,winter,b312,1.0
hydD,winter,b313,1.0
hydD,winter,b314,1.0
hydD,winter,b315,1.0
hydD,winter,b316,1.0
hydD,winter,b317,1.0
hydD,winter,b318,1.0
hydD,winter,b319,1.0
hydD,winter,b320,1.0
hydD,winter,b321,1.0
hydD,winter,b322,1.0
hydD,winter,b323,1.0
hydD,winter,b324,1.0
hydD,winter,b325,1.0
hydD,spring,b103,1.0
hydD,spring,b113,1.0
hydD,spring,b114,1.0
hydD,spring,b115,1.0
hydD,spring,b116,1.0
hydD,spring,b117,1.0
hydD,spring,b118,1.0
hydD,spring,b119,1.0
hydD,spring,b120,1.0
hydD,spring,b121,1.0
hydD,spring,b123,1.0
hydD,spring,b124,1.0
hydD,spring,b217,1.0
hydD,spring,b218,1.0
hydD,spring,b220,1.0
hydD,spring,b221,1.0
hydD,spring,b301,1.0
hydD,spring,b302,1.0
hydD,spring,b303,1.0
hydD,spring,b304,1.0
hydD,spring,b305,1.0
hydD,spring,b306,1.0
hydD,spring,b307,1.0
hydD,spring,b308,1.0
hydD,spring,b309,1.0
hydD,spring,b310,1.0
hydD,spring,b311,1.0
hydD,spring,b312,1.0
hydD,spring,b313,1.0
hydD,spring,b314,1.0
hydD,spring,b315,1.0
hydD,spring,b316,1.0
hydD,spring,b317,1.0
hydD,spring,b318,1.0
hydD,spring,b319,1.0
hydD,spring,b320,1.0
hydD,spring,b321,1.0
hydD,spring,b322,1.0
hydD,spring,b323,1.0
hydD,spring,b324,1.0
hydD,spring,b325,1.0
hydSD,summer,b103,1.0
hydSD,summer,b113,1.0
hydSD,summer,b114,1.0
hydSD,summer,b115,1.0
hydSD,summer,b116,1.0
hydSD,summer,b117,1.0
hydSD,summer,b118,1.0
hydSD,summer,b119,1.0
hydSD,summer,b120,1.0
hydSD,summer,b121,1.0
hydSD,summer,b123,1.0
hydSD,summer,b124,1.0
hydSD,summer,b217,1.0
hydSD,summer,b218,1.0
hydSD,summer,b220,1.0
hydSD,summer,b221,1.0
hydSD,summer,b301,1.0
hydSD,summer,b302,1.0
hydSD,summer,b303,1.0
hydSD,summer,b304,1.0
hydSD,summer,b305,1.0
hydSD,summer,b306,1.0
hydSD,summer,b307,1.0
hydSD,summer,b308,1.0
hydSD,summer,b309,1.0
hydSD,summer,b310,1.0
hydSD,summer,b311,1.0
hydSD,summer,b312,1.0
hydSD,summer,b313,1.0
hydSD,summer,b314,1.0
hydSD,summer,b315,1.0
hydSD,summer,b316,1.0
hydSD,summer,b317,1.0
hydSD,summer,b318,1.0
hydSD,summer,b319,1.0
hydSD,summer,b320,1.0
hydSD,summer,b321,1.0
hydSD,summer,b322,1.0
hydSD,summer,b323,1.0
hydSD,summer,b324,1.0
hydSD,summer,b325,1.0
hydSD,fall,b103,1.0
hydSD,fall,b113,1.0
hydSD,fall,b114,1.0
hydSD,fall,b115,1.0
hydSD,fall,b116,1.0
hydSD,fall,b117,1.0
hydSD,fall,b118,1.0
hydSD,fall,b119,1.0
hydSD,fall,b120,1.0
hydSD,fall,b121,1.0
hydSD,fall,b123,1.0
hydSD,fall,b124,1.0
hydSD,fall,b217,1.0
hydSD,fall,b218,1.0
hydSD,fall,b220,1.0
hydSD,fall,b221,1.0
hydSD,fall,b301,1.0
hydSD,fall,b302,1.0
hydSD,fall,b303,1.0
hydSD,fall,b304,1.0
hydSD,fall,b305,1.0
hydSD,fall,b306,1.0
hydSD,fall,b307,1.0
hydSD,fall,b308,1.0
hydSD,fall,b309,1.0
hydSD,fall,b310,1.0
hydSD,fall,b311,1.0
hydSD,fall,b312,1.0
hydSD,fall,b313,1.0
hydSD,fall,b314,1.0
hydSD,fall,b315,1.0
hydSD,fall,b316,1.0
hydSD,fall,b317,1.0
hydSD,fall,b318,1.0
hydSD,fall,b319,1.0
hydSD,fall,b320,1.0
hydSD,fall,b321,1.0
hydSD,fall,b322,1.0
hydSD,fall,b323,1.0
hydSD,fall,b324,1.0
hydSD,fall,b325,1.0
hydSD,winter,b103,1.0
hydSD,winter,b113,1.0
hydSD,winter,b114,1.0
hydSD,winter,b115,1.0
hydSD,winter,b116,1.0
hydSD,winter,b117,1.0
hydSD,winter,b118,1.0
hydSD,winter,b119,1.0
hydSD,winter,b120,1.0
hydSD,winter,b121,1.0
hydSD,winter,b123,1.0
hydSD,winter,b124,1.0
hydSD,winter,b217,1.0
hydSD,winter,b218,1.0
hydSD,winter,b220,1.0
hydSD,winter,b221,1.0
hydSD,winter,b301,1.0
hydSD,winter,b302,1.0
hydSD,winter,b303,1.0
hydSD,winter,b304,1.0
hydSD,winter,b305,1.0
hydSD,winter,b306,1.0
hydSD,winter,b307,1.0
hydSD,winter,b308,1.0
hydSD,winter,b309,1.0
hydSD,winter,b310,1.0
hydSD,winter,b311,1.0
hydSD,winter,b312,1.0
hydSD,winter,b313,1.0
hydSD,winter,b314,1.0
hydSD,winter,b315,1.0
hydSD,winter,b316,1.0
hydSD,winter,b317,1.0
hydSD,winter,b318,1.0
hydSD,winter,b319,1.0
hydSD,winter,b320,1.0
hydSD,winter,b321,1.0
hydSD,winter,b322,1.0
hydSD,winter,b323,1.0
hydSD,winter,b324,1.0
hydSD,winter,b325,1.0
hydSD,spring,b103,1.0
hydSD,spring,b113,1.0
hydSD,spring,b114,1.0
hydSD,spring,b115,1.0
hydSD,spring,b116,1.0
hydSD,spring,b117,1.0
hydSD,spring,b118,1.0
hydSD,spring,b119,1.0
hydSD,spring,b120,1.0
hydSD,spring,b121,1.0
hydSD,spring,b123,1.0
hydSD,spring,b124,1.0
hydSD,spring,b217,1.0
hydSD,spring,b218,1.0
hydSD,spring,b220,1.0
hydSD,spring,b221,1.0
hydSD,spring,b301,1.0
hydSD,spring,b302,1.0
hydSD,spring,b303,1.0
hydSD,spring,b304,1.0
hydSD,spring,b305,1.0
hydSD,spring,b306,1.0
hydSD,spring,b307,1.0
hydSD,spring,b308,1.0
hydSD,spring,b309,1.0
hydSD,spring,b310,1.0
hydSD,spring,b311,1.0
hydSD,spring,b312,1.0
hydSD,spring,b313,1.0
hydSD,spring,b314,1.0
hydSD,spring,b315,1.0
hydSD,spring,b316,1.0
hydSD,spring,b317,1.0
hydSD,spring,b318,1.0
hydSD,spring,b319,1.0
hydSD,spring,b320,1.0
hydSD,spring,b321,1.0
hydSD,spring,b322,1.0
hydSD,spring,b323,1.0
hydSD,spring,b324,1.0
hydSD,spring,b325,1.0
hydNPD,summer,b103,1.0
hydNPD,summer,b113,1.0
hydNPD,summer,b114,1.0
hydNPD,summer,b115,1.0
hydNPD,summer,b116,1.0
hydNPD,summer,b117,1.0
hydNPD,summer,b118,1.0
hydNPD,summer,b119,1.0
hydNPD,summer,b120,1.0
hydNPD,summer,b121,1.0
hydNPD,summer,b123,1.0
hydNPD,summer,b124,1.0
hydNPD,summer,b217,1.0
hydNPD,summer,b218,1.0
hydNPD,summer,b220,1.0
hydNPD,summer,b221,1.0
hydNPD,summer,b301,1.0
hydNPD,summer,b302,1.0
hydNPD,summer,b303,1.0
hydNPD,summer,b304,1.0
hydNPD,summer,b305,1.0
hydNPD,summer,b306,1.0
hydNPD,summer,b307,1.0
hydNPD,summer,b308,1.0
hydNPD,summer,b309,1.0
hydNPD,summer,b310,1.0
hydNPD,summer,b311,1.0
hydNPD,summer,b312,1.0
hydNPD,summer,b313,1.0
hydNPD,summer,b314,1.0
hydNPD,summer,b315,1.0
hydNPD,summer,b316,1.0
hydNPD,summer,b317,1.0
hydNPD,summer,b318,1.0
hydNPD,summer,b319,1.0
hydNPD,summer,b320,1.0
hydNPD,summer,b321,1.0
hydNPD,summer,b322,1.0
hydNPD,summer,b323,1.0
hydNPD,summer,b324,1.0
hydNPD,summer,b325,1.0
hydNPD,fall,b103,1.0
hydNPD,fall,b113,1.0
hydNPD,fall,b114,1.0
hydNPD,fall,b115,1.0
hydNPD,fall,b116,1.0
hydNPD,fall,b117,1.0
hydNPD,fall,b118,1.0
hydNPD,fall,b119,1.0
hydNPD,fall,b120,1.0
hydNPD,fall,b121,1.0
hydNPD,fall,b123,1.0
hydNPD,fall,b124,1.0
hydNPD,fall,b217,1.0
hydNPD,fall,b218,1.0
hydNPD,fall,b220,1.0
hydNPD,fall,b221,1.0
hydNPD,fall,b301,1.0
hydNPD,fall,b302,1.0
hydNPD,fall,b303,1.0
hydNPD,fall,b304,1.0
hydNPD,fall,b305,1.0
hydNPD,fall,b306,1.0
hydNPD,fall,b307,1.0
hydNPD,fall,b308,1.0
hydNPD,fall,b309,1.0
hydNPD,fall,b310,1.0
hydNPD,fall,b311,1.0
hydNPD,fall,b312,1.0
hydNPD,fall,b313,1.0
hydNPD,fall,b314,1.0
hydNPD,fall,b315,1.0
hydNPD,fall,b316,1.0
hydNPD,fall,b317,1.0
hydNPD,fall,b318,1.0
hydNPD,fall,b319,1.0
hydNPD,fall,b320,1.0
hydNPD,fall,b321,1.0
hydNPD,fall,b322,1.0
hydNPD,fall,b323,1.0
hydNPD,fall,b324,1.0
hydNPD,fall,b325,1.0
hydNPD,winter,b103,1.0
hydNPD,winter,b113,1.0
hydNPD,winter,b114,1.0
hydNPD,winter,b115,1.0
hydNPD,winter,b116,1.0
hydNPD,winter,b117,1.0
hydNPD,winter,b118,1.0
hydNPD,winter,b119,1.0
hydNPD,winter,b120,1.0
hydNPD,winter,b121,1.0
hydNPD,winter,b123,1.0
hydNPD,winter,b124,1.0
hydNPD,winter,b217,1.0
hydNPD,winter,b218,1.0
hydNPD,winter,b220,1.0
hydNPD,winter,b221,1.0
hydNPD,winter,b301,1.0
hydNPD,winter,b302,1.0
hydNPD,winter,b303,1.0
hydNPD,winter,b304,1.0
hydNPD,winter,b305,1.0
hydNPD,winter,b306,1.0
hydNPD,winter,b307,1.0
hydNPD,winter,b308,1.0
hydNPD,winter,b309,1.0
hydNPD,winter,b310,1.0
hydNPD,winter,b311,1.0
hydNPD,winter,b312,1.0
hydNPD,winter,b313,1.0
hydNPD,winter,b314,1.0
hydNPD,winter,b315,1.0
hydNPD,winter,b316,1.0
hydNPD,winter,b317,1.0
hydNPD,winter,b318,1.0
hydNPD,winter,b319,1.0
hydNPD,winter,b320,1.0
hydNPD,winter,b321,1.0
hydNPD,winter,b322,1.0
hydNPD,winter,b323,1.0
hydNPD,winter,b324,1.0
hydNPD,winter,b325,1.0
hydNPD,spring,b103,1.0
hydNPD,spring,b113,1.0
hydNPD,spring,b114,1.0
hydNPD,spring,b115,1.0
hydNPD,spring,b116,1.0
hydNPD,spring,b117,1.0
hydNPD,spring,b118,1.0
hydNPD,spring,b119,1.0
hydNPD,spring,b120,1.0
hydNPD,spring,b121,1.0
hydNPD,spring,b123,1.0
hydNPD,spring,b124,1.0
hydNPD,spring,b217,1.0
hydNPD,spring,b218,1.0
hydNPD,spring,b220,1.0
hydNPD,spring,b221,1.0
hydNPD,spring,b301,1.0
hydNPD,spring,b302,1.0
hydNPD,spring,b303,1.0
hydNPD,spring,b304,1.0
hydNPD,spring,b305,1.0
hydNPD,spring,b306,1.0
hydNPD,spring,b307,1.0
hydNPD,spring,b308,1.0
hydNPD,spring,b309,1.0
hydNPD,spring,b310,1.0
hydNPD,spring,b311,1.0
hydNPD,spring,b312,1.0
hydNPD,spring,b313,1.0
hydNPD,spring,b314,1.0
hydNPD,spring,b315,1.0
hydNPD,spring,b316,1.0
hydNPD,spring,b317,1.0
hydNPD,spring,b318,1.0
hydNPD,spring,b319,1.0
hydNPD,spring,b320,1.0
hydNPD,spring,b321,1.0
hydNPD,spring,b322,1.0
hydNPD,spring,b323,1.0
hydNPD,spring,b324,1.0
hydNPD,spring,b325,1.0
hydUD,summer,b204,1.0
hydUD,summer,b213,1.0
hydUD,summer,b215,1.0
hydUD,summer,b216,1.0
hydUD,summer,b219,1.0
hydUD,summer,b222,1.0
hydUD,summer,b223,1.0
hydUD,fall,b204,1.0
hydUD,fall,b213,1.0
hydUD,fall,b215,1.0
hydUD,fall,b216,1.0
hydUD,fall,b219,1.0
hydUD,fall,b222,1.0
hydUD,fall,b223,1.0
hydUD,winter,b204,1.0
hydUD,winter,b213,1.0
hydUD,winter,b215,1.0
hydUD,winter,b216,1.0
hydUD,winter,b219,1.0
hydUD,winter,b222,1.0
hydUD,winter,b223,1.0
hydUD,spring,b204,1.0
hydUD,spring,b213,1.0
hydUD,spring,b215,1.0
hydUD,spring,b216,1.0
hydUD,spring,b219,1.0
hydUD,spring,b222,1.0
hydUD,spring,b223,1.0
hydED,summer,b204,1.0
hydED,summer,b213,1.0
hydED,summer,b215,1.0
hydED,summer,b216,1.0
hydED,summer,b219,1.0
hydED,summer,b222,1.0
hydED,summer,b223,1.0
hydED,fall,b204,1.0
hydED,fall,b213,1.0
hydED,fall,b215,1.0
hydED,fall,b216,1.0
hydED,fall,b219,1.0
hydED,fall,b222,1.0
hydED,fall,b223,1.0
hydED,winter,b204,1.0
hydED,winter,b213,1.0
hydED,winter,b215,1.0
hydED,winter,b216,1.0
hydED,winter,b219,1.0
hydED,winter,b222,1.0
hydED,winter,b223,1.0
hydED,spring,b204,1.0
hydED,spring,b213,1.0
hydED,spring,b215,1.0
hydED,spring,b216,1.0
hydED,spring,b219,1.0
hydED,spring,b222,1.0
hydED,spring,b223,1.0
hydD,summer,b204,1.0
hydD,summer,b213,1.0
hydD,summer,b215,1.0
hydD,summer,b216,1.0
hydD,summer,b219,1.0
hydD,summer,b222,1.0
hydD,summer,b223,1.0
hydD,fall,b204,1.0
hydD,fall,b213,1.0
hydD,fall,b215,1.0
hydD,fall,b216,1.0
hydD,fall,b219,1.0
hydD,fall,b222,1.0
hydD,fall,b223,1.0
hydD,winter,b204,1.0
hydD,winter,b213,1.0
hydD,winter,b215,1.0
hydD,winter,b216,1.0
hydD,winter,b219,1.0
hydD,winter,b222,1.0
hydD,winter,b223,1.0
hydD,spring,b204,1.0
hydD,spring,b213,1.0
hydD,spring,b215,1.0
hydD,spring,b216,1.0
hydD,spring,b219,1.0
hydD,spring,b222,1.0
hydD,spring,b223,1.0
hydSD,summer,b204,1.0
hydSD,summer,b213,1.0
hydSD,summer,b215,1.0
hydSD,summer,b216,1.0
hydSD,summer,b219,1.0
hydSD,summer,b222,1.0
hydSD,summer,b223,1.0
hydSD,fall,b204,1.0
hydSD,fall,b213,1.0
hydSD,fall,b215,1.0
hydSD,fall,b216,1.0
hydSD,fall,b219,1.0
hydSD,fall,b222,1.0
hydSD,fall,b223,1.0
hydSD,winter,b204,1.0
hydSD,winter,b213,1.0
hydSD,winter,b215,1.0
hydSD,winter,b216,1.0
hydSD,winter,b219,1.0
hydSD,winter,b222,1.0
hydSD,winter,b223,1.0
hydSD,spring,b204,1.0
hydSD,spring,b213,1.0
hydSD,spring,b215,1.0
hydSD,spring,b216,1.0
hydSD,spring,b219,1.0
hydSD,spring,b222,1.0
hydSD,spring,b223,1.0
hydNPD,summer,b204,1.0
hydNPD,summer,b213,1.0
hydNPD,summer,b215,1.0
hydNPD,summer,b216,1.0
hydNPD,summer,b219,1.0
hydNPD,summer,b222,1.0
hydNPD,summer,b223,1.0
hydNPD,fall,b204,1.0
hydNPD,fall,b213,1.0
hydNPD,fall,b215,1.0
hydNPD,fall,b216,1.0
hydNPD,fall,b219,1.0
hydNPD,fall,b222,1.0
hydNPD,fall,b223,1.0
hydNPD,winter,b204,1.0
hydNPD,winter,b213,1.0
hydNPD,winter,b215,1.0
hydNPD,winter,b216,1.0
hydNPD,winter,b219,1.0
hydNPD,winter,b222,1.0
hydNPD,winter,b223,1.0
hydNPD,spring,b204,1.0
hydNPD,spring,b213,1.0
hydNPD,spring,b215,1.0
hydNPD,spring,b216,1.0
hydNPD,spring,b219,1.0
hydNPD,spring,b222,1.0
hydNPD,spring,b223,1.0
hydUD,summer,b107,1.0
hydUD,summer,b108,1.0
hydUD,summer,b201,1.0
hydUD,summer,b202,1.0
hydUD,summer,b203,1.0
hydUD,summer,b205,1.0
hydUD,summer,b206,1.0
hydUD,summer,b209,1.0
hydUD,summer,b210,1.0
hydUD,summer,b211,1.0
hydUD,summer,b212,1.0
hydUD,summer,b214,1.0
hydUD,summer,b224,1.0
hydUD,fall,b107,1.0
hydUD,fall,b108,1.0
hydUD,fall,b201,1.0
hydUD,fall,b202,1.0
hydUD,fall,b203,1.0
hydUD,fall,b205,1.0
hydUD,fall,b206,1.0
hydUD,fall,b209,1.0
hydUD,fall,b210,1.0
hydUD,fall,b211,1.0
hydUD,fall,b212,1.0
hydUD,fall,b214,1.0
hydUD,fall,b224,1.0
hydUD,winter,b107,1.0
hydUD,winter,b108,1.0
hydUD,winter,b201,1.0
hydUD,winter,b202,1.0
hydUD,winter,b203,1.0
hydUD,winter,b205,1.0
hydUD,winter,b206,1.0
hydUD,winter,b209,1.0
hydUD,winter,b210,1.0
hydUD,winter,b211,1.0
hydUD,winter,b212,1.0
hydUD,winter,b214,1.0
hydUD,winter,b224,1.0
hydUD,spring,b107,1.0
hydUD,spring,b108,1.0
hydUD,spring,b201,1.0
hydUD,spring,b202,1.0
hydUD,spring,b203,1.0
hydUD,spring,b205,1.0
hydUD,spring,b206,1.0
hydUD,spring,b209,1.0
hydUD,spring,b210,1.0
hydUD,spring,b211,1.0
hydUD,spring,b212,1.0
hydUD,spring,b214,1.0
hydUD,spring,b224,1.0
hydED,summer,b107,1.0
hydED,summer,b108,1.0
hydED,summer,b201,1.0
hydED,summer,b202,1.0
hydED,summer,b203,1.0
hydED,summer,b205,1.0
hydED,summer,b206,1.0
hydED,summer,b209,1.0
hydED,summer,b210,1.0
hydED,summer,b211,1.0
hydED,summer,b212,1.0
hydED,summer,b214,1.0
hydED,summer,b224,1.0
hydED,fall,b107,1.0
hydED,fall,b108,1.0
hydED,fall,b201,1.0
hydED,fall,b202,1.0
hydED,fall,b203,1.0
hydED,fall,b205,1.0
hydED,fall,b206,1.0
hydED,fall,b209,1.0
hydED,fall,b210,1.0
hydED,fall,b211,1.0
hydED,fall,b212,1.0
hydED,fall,b214,1.0
hydED,fall,b224,1.0
hydED,winter,b107,1.0
hydED,winter,b108,1.0
hydED,winter,b201,1.0
hydED,winter,b202,1.0
hydED,winter,b203,1.0
hydED,winter,b205,1.0
hydED,winter,b206,1.0
hydED,winter,b209,1.0
hydED,winter,b210,1.0
hydED,winter,b211,1.0
hydED,winter,b212,1.0
hydED,winter,b214,1.0
hydED,winter,b224,1.0
hydED,spring,b107,1.0
hydED,spring,b108,1.0
hydED,spring,b201,1.0
hydED,spring,b202,1.0
hydED,spring,b203,1.0
hydED,spring,b205,1.0
hydED,spring,b206,1.0
hydED,spring,b209,1.0
hydED,spring,b210,1.0
hydED,spring,b211,1.0
hydED,spring,b212,1.0
hydED,spring,b214,1.0
hydED,spring,b224,1.0
hydD,summer,b107,1.0
hydD,summer,b108,1.0
hydD,summer,b201,1.0
hydD,summer,b202,1.0
hydD,summer,b203,1.0
hydD,summer,b205,1.0
hydD,summer,b206,1.0
hydD,summer,b209,1.0
hydD,summer,b210,1.0
hydD,summer,b211,1.0
hydD,summer,b212,1.0
hydD,summer,b214,1.0
hydD,summer,b224,1.0
hydD,fall,b107,1.0
hydD,fall,b108,1.0
hydD,fall,b201,1.0
hydD,fall,b202,1.0
hydD,fall,b203,1.0
hydD,fall,b205,1.0
hydD,fall,b206,1.0
hydD,fall,b209,1.0
hydD,fall,b210,1.0
hydD,fall,b211,1.0
hydD,fall,b212,1.0
hydD,fall,b214,1.0
hydD,fall,b224,1.0
hydD,winter,b107,1.0
hydD,winter,b108,1.0
hydD,winter,b201,1.0
hydD,winter,b202,1.0
hydD,winter,b203,1.0
hydD,winter,b205,1.0
hydD,winter,b206,1.0
hydD,winter,b209,1.0
hydD,winter,b210,1.0
hydD,winter,b211,1.0
hydD,winter,b212,1.0
hydD,winter,b214,1.0
hydD,winter,b224,1.0
hydD,spring,b107,1.0
hydD,spring,b108,1.0
hydD,spring,b201,1.0
hydD,spring,b202,1.0
hydD,spring,b203,1.0
hydD,spring,b205,1.0
hydD,spring,b206,1.0
hydD,spring,b209,1.0
hydD,spring,b210,1.0
hydD,spring,b211,1.0
hydD,spring,b212,1.0
hydD,spring,b214,1.0
hydD,spring,b224,1.0
hydSD,summer,b107,1.0
hydSD,summer,b108,1.0
hydSD,summer,b201,1.0
hydSD,summer,b202,1.0
hydSD,summer,b203,1.0
hydSD,summer,b205,1.0
hydSD,summer,b206,1.0
hydSD,summer,b209,1.0
hydSD,summer,b210,1.0
hydSD,summer,b211,1.0
hydSD,summer,b212,1.0
hydSD,summer,b214,1.0
hydSD,summer,b224,1.0
hydSD,fall,b107,1.0
hydSD,fall,b108,1.0
hydSD,fall,b201,1.0
hydSD,fall,b202,1.0
hydSD,fall,b203,1.0
hydSD,fall,b205,1.0
hydSD,fall,b206,1.0
hydSD,fall,b209,1.0
hydSD,fall,b210,1.0
hydSD,fall,b211,1.0
hydSD,fall,b212,1.0
hydSD,fall,b214,1.0
hydSD,fall,b224,1.0
hydSD,winter,b107,1.0
hydSD,winter,b108,1.0
hydSD,winter,b201,1.0
hydSD,winter,b202,1.0
hydSD,winter,b203,1.0
hydSD,winter,b205,1.0
hydSD,winter,b206,1.0
hydSD,winter,b209,1.0
hydSD,winter,b210,1.0
hydSD,winter,b211,1.0
hydSD,winter,b212,1.0
hydSD,winter,b214,1.0
hydSD,winter,b224,1.0
hydSD,spring,b107,1.0
hydSD,spring,b108,1.0
hydSD,spring,b201,1.0
hydSD,spring,b202,1.0
hydSD,spring,b203,1.0
hydSD,spring,b205,1.0
hydSD,spring,b206,1.0
hydSD,spring,b209,1.0
hydSD,spring,b210,1.0
hydSD,spring,b211,1.0
hydSD,spring,b212,1.0
hydSD,spring,b214,1.0
hydSD,spring,b224,1.0
hydNPD,summer,b107,1.0
hydNPD,summer,b108,1.0
hydNPD,summer,b201,1.0
hydNPD,summer,b202,1.0
hydNPD,summer,b203,1.0
hydNPD,summer,b205,1.0
hydNPD,summer,b206,1.0
hydNPD,summer,b209,1.0
hydNPD,summer,b210,1.0
hydNPD,summer,b211,1.0
hydNPD,summer,b212,1.0
hydNPD,summer,b214,1.0
hydNPD,summer,b224,1.0
hydNPD,fall,b107,1.0
hydNPD,fall,b108,1.0
hydNPD,fall,b201,1.0
hydNPD,fall,b202,1.0
hydNPD,fall,b203,1.0
hydNPD,fall,b205,1.0
hydNPD,fall,b206,1.0
hydNPD,fall,b209,1.0
hydNPD,fall,b210,1.0
hydNPD,fall,b211,1.0
hydNPD,fall,b212,1.0
hydNPD,fall,b214,1.0
hydNPD,fall,b224,1.0
hydNPD,winter,b107,1.0
hydNPD,winter,b108,1.0
hydNPD,winter,b201,1.0
hydNPD,winter,b202,1.0
hydNPD,winter,b203,1.0
hydNPD,winter,b205,1.0
hydNPD,winter,b206,1.0
hydNPD,winter,b209,1.0
hydNPD,winter,b210,1.0
hydNPD,winter,b211,1.0
hydNPD,winter,b212,1.0
hydNPD,winter,b214,1.0
hydNPD,winter,b224,1.0
hydNPD,spring,b107,1.0
hydNPD,spring,b108,1.0
hydNPD,spring,b201,1.0
hydNPD,spring,b202,1.0
hydNPD,spring,b203,1.0
hydNPD,spring,b205,1.0
hydNPD,spring,b206,1.0
hydNPD,spring,b209,1.0
hydNPD,spring,b210,1.0
hydNPD,spring,b211,1.0
hydNPD,spring,b212,1.0
hydNPD,spring,b214,1.0
hydNPD,spring,b224,1.0
hydUD,summer,b101,0.973714
hydUD,summer,b102,0.973714
hydUD,summer,b104,0.973714
hydUD,summer,b105,0.973714
hydUD,summer,b106,0.973714
hydUD,summer,b109,0.973714
hydUD,summer,b110,0.973714
hydUD,summer,b111,0.973714
hydUD,summer,b112,0.973714
hydUD,summer,b207,0.973714
hydUD,summer,b208,0.973714
hydUD,fall,b101,0.973714
hydUD,fall,b102,0.973714
hydUD,fall,b104,0.973714
hydUD,fall,b105,0.973714
hydUD,fall,b106,0.973714
hydUD,fall,b109,0.973714
hydUD,fall,b110,0.973714
hydUD,fall,b111,0.973714
hydUD,fall,b112,0.973714
hydUD,fall,b207,0.973714
hydUD,fall,b208,0.973714
hydUD,winter,b101,0.973714
hydUD,winter,b102,0.973714
hydUD,winter,b104,0.973714
hydUD,winter,b105,0.973714
hydUD,winter,b106,0.973714
hydUD,winter,b109,0.973714
hydUD,winter,b110,0.973714
hydUD,winter,b111,0.973714
hydUD,winter,b112,0.973714
hydUD,winter,b207,0.973714
hydUD,winter,b208,0.973714
hydUD,spring,b101,0.973714
hydUD,spring,b102,0.973714
hydUD,spring,b104,0.973714
hydUD,spring,b105,0.973714
hydUD,spring,b106,0.973714
hydUD,spring,b109,0.973714
hydUD,spring,b110,0.973714
hydUD,spring,b111,0.973714
hydUD,spring,b112,0.973714
hydUD,spring,b207,0.973714
hydUD,spring,b208,0.973714
hydED,summer,b101,0.973714
hydED,summer,b102,0.973714
hydED,summer,b104,0.973714
hydED,summer,b105,0.973714
hydED,summer,b106,0.973714
hydED,summer,b109,0.973714
hydED,summer,b110,0.973714
hydED,summer,b111,0.973714
hydED,summer,b112,0.973714
hydED,summer,b207,0.973714
hydED,summer,b208,0.973714
hydED,fall,b101,0.973714
hydED,fall,b102,0.973714
hydED,fall,b104,0.973714
hydED,fall,b105,0.973714
hydED,fall,b106,0.973714
hydED,fall,b109,0.973714
hydED,fall,b110,0.973714
hydED,fall,b111,0.973714
hydED,fall,b112,0.973714
hydED,fall,b207,0.973714
hydED,fall,b208,0.973714
hydED,winter,b101,0.973714
hydED,winter,b102,0.973714
hydED,winter,b104,0.973714
hydED,winter,b105,0.973714
hydED,winter,b106,0.973714
hydED,winter,b109,0.973714
hydED,winter,b110,0.973714
hydED,winter,b111,0.973714
hydED,winter,b112,0.973714
hydED,winter,b207,0.973714
hydED,winter,b208,0.973714
hydED,spring,b101,0.973714
hydED,spring,b102,0.973714
hydED,spring,b104,0.973714
hydED,spring,b105,0.973714
hydED,spring,b106,0.973714
hydED,spring,b109,0.973714
hydED,spring,b110,0.973714
hydED,spring,b111,0.973714
hydED,spring,b112,0.973714
hydED,spring,b207,0.973714
hydED,spring,b208,0.973714
hydD,summer,b101,1.0
hydD,summer,b102,1.0
hydD,summer,b104,1.0
hydD,summer,b105,1.0
hydD,summer,b106,1.0
hydD,summer,b109,1.0
hydD,summer,b110,1.0
hydD,summer,b111,1.0
hydD,summer,b112,1.0
hydD,summer,b207,1.0
hydD,summer,b208,1.0
hydD,fall,b101,1.0
hydD,fall,b102,1.0
hydD,fall,b104,1.0
hydD,fall,b105,1.0
hydD,fall,b106,1.0
hydD,fall,b109,1.0
hydD,fall,b110,1.0
hydD,fall,b111,1.0
hydD,fall,b112,1.0
hydD,fall,b207,1.0
hydD,fall,b208,1.0
hydD,winter,b101,1.0
hydD,winter,b102,1.0
hydD,winter,b104,1.0
hydD,winter,b105,1.0
hydD,winter,b106,1.0
hydD,winter,b109,1.0
hydD,winter,b110,1.0
hydD,winter,b111,1.0
hydD,winter,b112,1.0
hydD,winter,b207,1.0
hydD,winter,b208,1.0
hydD,spring,b101,1.0
hydD,spring,b102,1.0
hydD,spring,b104,1.0
hydD,spring,b105,1.0
hydD,spring,b106,1.0
hydD,spring,b109,1.0
hydD,spring,b110,1.0
hydD,spring,b111,1.0
hydD,spring,b112,1.0
hydD,spring,b207,1.0
hydD,spring,b208,1.0
hydSD,summer,b101,1.0
hydSD,summer,b102,1.0
hydSD,summer,b104,1.0
hydSD,summer,b105,1.0
hydSD,summer,b106,1.0
hydSD,summer,b109,1.0
hydSD,summer,b110,1.0
hydSD,summer,b111,1.0
hydSD,summer,b112,1.0
hydSD,summer,b207,1.0
hydSD,summer,b208,1.0
hydSD,fall,b101,1.0
hydSD,fall,b102,1.0
hydSD,fall,b104,1.0
hydSD,fall,b105,1.0
hydSD,fall,b106,1.0
hydSD,fall,b109,1.0
hydSD,fall,b110,1.0
hydSD,fall,b111,1.0
hydSD,fall,b112,1.0
hydSD,fall,b207,1.0
hydSD,fall,b208,1.0
hydSD,winter,b101,1.0
hydSD,winter,b102,1.0
hydSD,winter,b104,1.0
hydSD,winter,b105,1.0
hydSD,winter,b106,1.0
hydSD,winter,b109,1.0
hydSD,winter,b110,1.0
hydSD,winter,b111,1.0
hydSD,winter,b112,1.0
hydSD,winter,b207,1.0
hydSD,winter,b208,1.0
hydSD,spring,b101,1.0
hydSD,spring,b102,1.0
hydSD,spring,b104,1.0
hydSD,spring,b105,1.0
hydSD,spring,b106,1.0
hydSD,spring,b109,1.0
hydSD,spring,b110,1.0
hydSD,spring,b111,1.0
hydSD,spring,b112,1.0
hydSD,spring,b207,1.0
hydSD,spring,b208,1.0
hydNPD,summer,b101,1.0
hydNPD,summer,b102,1.0
hydNPD,summer,b104,1.0
hydNPD,summer,b105,1.0
hydNPD,summer,b106,1.0
hydNPD,summer,b109,1.0
hydNPD,summer,b110,1.0
hydNPD,summer,b111,1.0
hydNPD,summer,b112,1.0
hydNPD,summer,b207,1.0
hydNPD,summer,b208,1.0
hydNPD,fall,b101,1.0
hydNPD,fall,b102,1.0
hydNPD,fall,b104,1.0
hydNPD,fall,b105,1.0
hydNPD,fall,b106,1.0
hydNPD,fall,b109,1.0
hydNPD,fall,b110,1.0
hydNPD,fall,b111,1.0
hydNPD,fall,b112,1.0
hydNPD,fall,b207,1.0
hydNPD,fall,b208,1.0
hydNPD,winter,b101,1.0
hydNPD,winter,b102,1.0
hydNPD,winter,b104,1.0
hydNPD,winter,b105,1.0
hydNPD,winter,b106,1.0
hydNPD,winter,b109,1.0
hydNPD,winter,b110,1.0
hydNPD,winter,b111,1.0
hydNPD,winter,b112,1.0
hydNPD,winter,b207,1.0
hydNPD,winter,b208,1.0
hydNPD,spring,b101,1.0
hydNPD,spring,b102,1.0
hydNPD,spring,b104,1.0
hydNPD,spring,b105,1.0
hydNPD,spring,b106,1.0
hydNPD,spring,b109,1.0
hydNPD,spring,b110,1.0
hydNPD,spring,b111,1.0
hydNPD,spring,b112,1.0
hydNPD,spring,b207,1.0
hydNPD,spring,b208,1.0
hydUD,summer,b122,1.0
hydUD,fall,b122,1.0
hydUD,winter,b122,1.0
hydUD,spring,b122,1.0
hydED,summer,b122,1.0
hydED,fall,b122,1.0
hydED,winter,b122,1.0
hydED,spring,b122,1.0
hydD,summer,b122,1.0
hydD,fall,b122,1.0
hydD,winter,b122,1.0
hydD,spring,b122,1.0
hydSD,summer,b122,1.0
hydSD,fall,b122,1.0
hydSD,winter,b122,1.0
hydSD,spring,b122,1.0
hydNPD,summer,b122,1.0
hydNPD,fall,b122,1.0
hydNPD,winter,b122,1.0
hydNPD,spring,b122,1.0
